Kategori,Nama,Khasiat,Produsen
Jamu Perawatan Kewanitaan,Galian Rapat Wangi,"mengurangi bau badan, mengurangi bau tidak sedap serta membuat rapet dan keset area kewanitaan",Madura Sari
Jamu Pasutri,Empot-empot legit,"Mengurangi lendir berlebih, mengatasi keputihan serta menimbulkan sensasi denyut saat berhubungan",Madura Sari
Jamu Kesehatan,galian singset,"mengurangi lemak dalam tubuh, menambah nafsu makan dan melancarkan BAB",Madura Sari
Jamu Perawatan Kewanitaan,jamu kecantikan,"perawatan khusus remaja putri, mengurangi bau badan dan mengatasi keputihan",Madura Sari
Jamu Kesehatan,jamu galian montok,untuk menambah nafsu makan,Madura Sari
Jamu Perawatan Kewanitaan,jamu terlambat bulan (lancar darah),mengurangi nyeri haid dan melancarkan peredaran darah sehingga lebih teratur,Madura Sari
Jamu Perawatan Kewanitaan,jamu melancarkan asi (pejje),melancarkan keluarnya ASI,Madura Sari
Jamu Perawatan Kewanitaan,serbuk wasiat dan butiran delima,mengatasi keputihan dan lendir berlebih di area kewanitaan,Madura Sari
Jamu Kesehatan,parfum rempah,menyegarkan bau badan dengan aroma khas rempah khas,Madura Sari
Jamu Perawatan Kewanitaan,cebokan rempah,mengatasi keputihan dan gatal akibat bakteri dan jamur,Madura Sari
Jamu Perawatan Kewanitaan,pancuran nikmat,antiseptik kewanitaan tanpa dibilas,Madura Sari
Jamu Perawatan Kewanitaan,sabun kesed,sabun khusus wanita untuk mengatasi keputihan,Madura Sari
Jamu Perawatan Kewanitaan,v-spa rempah,detoksifikasi kewanitaan agar bebas keputihan dan bau yang kurang sedap,Madura Sari
Jamu Perawatan Kewanitaan,jamu bersalin,"perawatan khusus pasca melahirkan, mengembalikan tubuh seperti semula, melancarkan ASI dan mencegah timbulnya varises",Madura Sari
Jamu Kesehatan,paket perawatan pranikah,"mengurangi bau badan, membuat kulit bersih dan lebih cerah",Madura Sari
Jamu Pasutri,1 paket ramuan khusus wanita,perawatan khusus wanita untuk menjaga tubuh tetap prima dan hubungan suami istri makin mesra,Madura Sari
Jamu Perawatan Kewanitaan,jamu penyubur kandungan,menyuburkan kandungan,Madura Sari
Jamu Kesehatan,cemceman rambut,mengatasi ketombe dan kerontokan rambut,Madura Sari
Jamu Pasutri,minyak bulus,mengencangkan kulit dan area khusus intim  baik pria maupun wanita (pasutri),Madura Sari
Jamu Kesehatan,minyak zaitun,merawat mengencangkan & menghaluskan kulit muka dan seluruh tubuh,Madura Sari
Jamu Kesehatan,lulur rempah,membuat kulit bersih serta tampak lebih cerah,Madura Sari
Jamu Kesehatan,bedak dingin,"masker bengkoang untuk mencerahkan wajah, memudarkan bekas jerawat dan mengecilkan pori",Madura Sari
Jamu Kesehatan,pegal linu,"mengurangi capek, nyeri sendi dan melancarkan peredaran darah",Madura Sari
Jamu Kesehatan,jamu pembersih darah,mengatasi gatal gatal dan alergi pada kulit,Madura Sari
Jamu Kesehatan,jamu kencing manis,menurunkan kadar gula dalam darah,Madura Sari
Jamu Kesehatan,bumbu minuman pokak,minuman herbal dari bahan jahe emprit,Madura Sari
Jamu Pasutri,1 paket jamu suami istri,mengharmoniskan hubungan intim suami istri,Madura Sari
Jamu Pasutri,Jamu ma'jun super (plus madu),"menambah stamina saat berhubungan , menambah masa otot dan melancarkan peredaran darah",Madura Sari
Jamu Pasutri,jamu jantan super,menjaga stamina tubuh agar tetap fit dalam berhubungan,Madura Sari
Jamu Pasutri,jamu aktivitas,penambah stamina khusus pekerja berat. Suplemen khusus untuk menambah stamina pria dalam berhubungan,Madura Sari
Jamu Kesehatan,jamu darah tinggi,menurunkan tekanan darah tinggi,Madura Sari
Jamu Pasutri,1 paket ramuan khusus pria,suplemen kuat khusus bagi pria untuk menjaga stamina dan kesehatan tubuh,Madura Sari
Jamu Perawatan Kewanitaan,Jamu Tradisional Madura,"Buat Kesehatan, Bau Badan, Keputihan",Jamu Tradisional Madura
Jamu Pasutri,Bom,"Untuk kuat berhubungan, dan Pegal - pegal",Jamu Assegaf
Jamu Kesehatan,Jamu Hitam,Untuk segala macam penyakit,Jamu Intan
Jamu Kesehatan,Jamu Pelintiran darah tinggi,"Menurunkan tekanan darah tinggi, menetralisir sirkulasi jantung, Menormalkan jantung kembali",Sari Madu
Jamu Pasutri,Empot-empot Super,Memulihkan elastisitas organ intim wanita;  Mengencangkan otot miss V;  Mengencangkan payudara;  Mengencangkan seluruh kulit shg tampak lebih muda;  Menambah gairah dan semangat dalam berhubungan suami istri;  Menghilangkan gatal di miss V,Firdaus Kurnia Indah
Jamu Kesehatan,Jamu selokarang,"Menurunkan pusing, panas dalam sakit gigi tenggorokan",Kampung Paseraman Kamal
Jamu Perawatan Kewanitaan,Jamu Bengkes,Awet Muda Wajah Berseri,Njonja Boolan
Jamu Pasutri,Empot Ayam Super,Melegitkan dan menghaluskan vagina; Mengencangkan otot kendur setelah melahirkan;  Menghilangkan bau serta gatal;  Mengatasi masalah ibu yang ikut bermacam  KB;  Untuk wanita frigid dan suami istri selalu harmonis; ,Jamu Pusaka Kraton Cakraningrat
Jamu Perawatan Kewanitaan,Jamu Delima Putih,Mengatasi keputihan / pektay,Jamu Putri Bangkalan
Jamu Kesehatan,Sariawan Sekalor,"Menyembuhkan radang gusi, radang tenggorokan, sakit gigi, sakit kepala, amandel, ambeien , demam, kolesterol dan mendetox darah.",Mustika Madura
Jamu Kesehatan,Galian Singset ( Susut Perut),"Melangsingkan badan, mengecilkan dan mengencangkan perut kendur, memadatkan tubuh,melancarkan BAB, membuat wajah segar dan tidak mudah keriput, menghilangkan selulit.",Mustika Madura
Jamu Pasutri,Sehat Laki-laki Perkasa,"Menambah stamina dan juga menambah hormon, Menghilangkan capek, Menjaga tubuh tetap perkasa, Tidak mudah masuk angin, Mengentalkan sperma, Mencegah ejakulasi dini.",Mustika Madura
Jamu Pasutri,Sari Rapet Empot-Empot,"Mengharumkan bagian kewanitaan, Menyembuhkan keputihan / gatal disebabkan bakteri, Merapatkan vagina, Mengencangkan otot rahim, Menambah keharmonisan rumah tangga.",Mustika Madura
Jamu Kesehatan,Pluntur(Pelancar Darah),"Melancarkan darah, menghilangkan pegal linu, menjaga stamina tubuh, mengurangi angka kelahiran.",Mustika Madura
Jamu Pasutri,Strong,"Menambah stamina tubuh, Menghilangkan capek Menjaga tubuh tetap perkasa,  Mengentalkan sperma, Mencegah ejakulasi dini, Tahan lama.",Pj. Alam Insani Herbal
Jamu Perawatan Kewanitaan,Seger Montok,"Mengencangkan dan memontokkan payudara, Memadatkan tubuh, Mencerahkan wajah, Memberi nafsu makan, Menyehatkan badan.",Mustika Madura
Jamu Pasutri,Rapet Wangi Spesial,"Mengharumkan bagian kewanitaan, Menyembuhkan keputihan / Gatal disebabkan bakteri, merapatkan vagina, Mengencangkan otot rahim, Menambah keharmonisan rumah tangga.",Mustika Madura
Jamu Kesehatan,Tolak Angin,"Menyembuhkan demam, pusing, perut mual, kembung, tenggorokan kering dan menambah daya tahan tubuh.",Mustika Madura
Jamu Perawatan Kewanitaan,Subur Kandungan,"untuk membantu menyehatkan, menyuburkan dan menguatkan kandungan. Jamu ini sangat baik bagi ibu-ibu yang sering keguguran dan sulit mendapatkan kehamilan.",Mustika Madura
Jamu Perawatan Kewanitaan,Sehat Wanita,"memadatkan tubuh, mengencangkan payudara yang kendur, menghilangkan bau badan, menyegarkan tubuh, menghilangkan letih, lesu & Capek, Mengencangkan kembali otot kewanitaan terutama pada wanita habis melahirkan, Membersihkan darah nifas, Merapatkankan kewanitaan, aman di konsumsi baik remaja perempuan maupun ibu, tidak disarankan mengkonsumsi untuk ibu hamil.",Mustika Madura
Jamu Pasutri,Sehat Laki-laki ( Helbeh),"Mengatasi lemah syahwat, Memperbaiki kualitas sperma, menambah /  Meningkatkan stamina (Pria  &  wanita)",Mustika Madura
Jamu Perawatan Kewanitaan,Natural Lulur Sari temugiring,"Menghaluskan dan mencerahkan kulit, melembabkan, menghilangkan bekas noda di tubuh.",Mustika Madura
Jamu Pasutri,Empot Sari Rapet,"mengembalikan masa keperawanan dan menambah keharmonisan dalam rumah tangga, memadatkan tubuh dan membuat badan lebih segar.",TOKO NUR
Jamu Perawatan Kewanitaan,Awet Muda,membantu memelihara kecantikan,TOKO NUR
Jamu Pasutri,Ma'jun,"menyembuhkan sakit pinggang, pegal linu, encok dan rematik, menghilangkan rasa lelah sehingga menambahan stamina dan syahwat",TOKO NUR
Jamu Kesehatan,Sale Karang,"Untuk sakit gigi, gusi bengkak dan gusi berdarah",TOKO NUR
Jamu Kesehatan,Ibu Hamil,biar tidak mudah capek,TOKO NUR
Jamu Kesehatan,Diabet,menstabilkan kadar gula,TOKO NUR
Jamu Kesehatan,Nafsu Makan,Untuk menambah nafsu makan,TOKO BU EMA
Jamu Pasutri,Sehat Pria,Untuk menambah tenaga lelaki saat berhubungan intim,TOKO BU EMA
Jamu Perawatan Kewanitaan,Sehat Wanita,Untuk menambah stamina perempuan dan menjaga organ kewanitaan,TOKO BU EMA
Jamu Kesehatan,Nafsu Makan,menambah nafsu makan,TOKO BU EMA
Jamu Kesehatan,Gatal-gatal,untuk menyembuhkan gatal - gatal dan alergi,TOKO BU EMA
Jamu Perawatan Kewanitaan,Ibu Melahirkan,memperlancar ASI,TOKO BU EMA
Jamu Kesehatan,Jamu Sakit Pinggang,meredakan nyeri pinggang dan menambah stamina,TOKO BU EMA
Jamu Kesehatan,Jaselang,"Menambah stamina, pegal linu, capek - capek, menghangatkan badan ",Warda
Jamu Pasutri,Macho,"Menambah stamina pria dan ereksi, meningkatkan libido, mengobati pegal linu, capek - capek, dan menghangatkan badan",Warda
Jamu Kesehatan,Kusir,"menghilangkan bau badan, sakit kepala ",Warda
Jamu Perawatan Kewanitaan,Sarpet Manjakani,"mencegah keputihan, menghilangkan bau  badan, merapatkan vagina ",Warda
Jamu Kesehatan,Jamu Sondhep,"meredakan nyeri otot bagian bahu, otot pinggang, dan memperlancar peredaran darah",TOKO ANGGREK
Jamu Kesehatan,Sale Karang,"sakit gigi,  gusi bengkak dan gusi berdarah",TOKO ANGGREK
Jamu Kesehatan,Daun sirih,"menghilangkan bau badan, mengobati sariawan, menghilangkan mau bulut, mencegah keropos pada gigi dan tulang",TOKO ANGGREK
Jamu Pasutri,Kuda Hitam,Untuk meningkatkan kekuatan pada pria saat berhubungan,RATOHQU
Jamu Pasutri,Jahe Merah Plus,Untuk menambah stamina tubuh Pria dan wanita saat berhubungan,RATOHQU
Jamu Kesehatan,ekstrak jahe,untuk mengobati gejala masuk angin,RATOHQU
Jamu Kesehatan,ekstrak temulawak,untuk mengobati penyakit asam lambung dan menambah nafsu makan,RATOHQU
Jamu Kesehatan,ektrak kunyit,untuk mengobati penyakit asam lambung ,RATOHQU
Jamu Pasutri,kopi lake',Untuk meningkatkan kekuatan pada pria,RATOHQU
Jamu Kesehatan,wedang jahe merah,Menambah stamina tubuh,RATOHQU
Jamu Kesehatan,kunyit asam madu,"untuk merawat kesehatan lambung, dan mengobati panas dalam",RATOHQU
Jamu Perawatan Kewanitaan,manjakani,untuk merawat kesehatan wanita seperti memperlancar haid dan keputihan,RATOHQU
Jamu Pasutri,kuda hitam cair,Untuk meningkatkan kekuatan pada pria saat berhubungan,RATOHQU
Jamu Kesehatan,ETABARI,untuk penderita kencing manis (Diabetes),TRESNA
Jamu Perawatan Kewanitaan,Subur Kandungan,"menyuburkan kandungan, menguatkan kandungan yang lemah",TRESNA
Jamu Kesehatan,TOLAK AMBEYEN,"Menyembuhkan ambeien baru atau sudah lama, menjaga kesehatan",TRESNA
Jamu Kesehatan,TOLAK BATUK/ASMA,"membantu mengobati batuk yang masih baru maupun yang sudah lama, membantu mengobati penyakit alergi pernafasan bagian atas dan penyakit asma, membantu menurunkan panas demam disebabkan flu dan radang tenggorokan.",TRESNA
Jamu Kesehatan,Susut perut Tresna,membantu mengurangi lemak tubuh terutama di bagian perut dan membantu menurunkan berat badan,TRESNA
Jamu Pasutri,PANYAMAN EMPOT-EMPOT,"membantu merapatkan organ kewanitaan, mengencangkan otot - otot rahim dan sekitarnya, vagina menjadi keset dan sensitif, membantu para wanita agar lebih cepat mencapai orgasme, memberi getaran-getaran apabila ada sentuhan",TRESNA
Jamu Pasutri,masker v,membantu para wanita mengatasi frigid dan agar mempunyai gairah melayani pasangan,TRESNA
Jamu Kesehatan,LAMSAM,"untuk menurunkan / menormalkan tekanan darah tinggi (hipertensi), dan melancarkan peredaran darah dalam tubuh",TRESNA
Jamu Kesehatan,lulur wangi,untuk membersihkan mengatasi jerawat dan mengangkat komedo,TRESNA
Jamu Kesehatan,PETODHU,untuk kesehatan tulang untuk pria dan wanita,TRESNA
Jamu Perawatan Kewanitaan,GALIAN PUTRI,"menjaga agar tubuh tetap segar, sehat, lincah dan tidak pucat, mengatasi bau ketiak dan bau badan yang kurang sedap, membantu mengatasi penyakit keputihan, menjaga organ kewanitaan sehingga pakaian dalam tetap bersih dari noda, melancarkan haid",TRESNA
Jamu Pasutri,GALIAN RAPET,"membantu merapatkan organ kewanitaan biar kencang, menjaga keharmonisan rumah tangga, menghilangkan bau tidak sedap, membantu mengatasi keputihan",TRESNA
Jamu Perawatan Kewanitaan,lulur ayu,"memelihara dan kecantikan wajah dan anggota badan, membersihkan dan menghaluskan kulit",TRESNA
Jamu Kesehatan,PAS JUDHU,"membantu mengatasi asam urat, kolesterol, rematik",TRESNA
Jamu Kesehatan,SEHAT L.M,"memperlancar peredaran darah, menambah tenaga serta meningkatkan daya tahan tubuh terhadap penyakit, membantu mengatasi gejala penuaan, nyeri otot, nyeri sendi, pegal - pegal, rabun mata, mencegah masuk angin, pusing dan maag",TRESNA
Jamu Pasutri,GALIAN RAPET,"membantu merapatkan organ kewanitaan, menjaga keharmonisan rumah tangga, menghilangkan bau tidak sedap, membantu mengatasi keputihan",TRESNA
Jamu Perawatan Kewanitaan,cream montok,membantu membesarkan payudara,TRESNA
Jamu Perawatan Kewanitaan,GALIAN MONTOK,"membantu mengobati buah dada yang kecil supaya jadi montok dan besar, buah dada menjadi padat berisi",TRESNA
Jamu Kesehatan,BERSIH JERAWAT,"membantu mengatasi / membersihkan jerawat, mencegah timbulnya jerawat, memelihara wajah agar tetap halus",TRESNA
Jamu Perawatan Kewanitaan,AWET AYU,"mengandung formula anti aging yang berguna untuk menghambat proses penuaan seperti mengurangi keriput, memudarkan lingkaran hitam di mata dan dapat mengurangi kantung mata, membantu mengatasi penyakit keputihan, menghilangkan bau badan, merapatkan vagina, menjaga organ kewanitaan tetap bersih, mengurangi dan menghilangkan rasa sakit serta menjelang haid",TRESNA
Jamu Pasutri,PANYAMAN,"untuk mengatasi kurang gairah, mengencangkan otot - otot rahim dan sekitarnya, vagina menjadi keset dan sensitif, membantu para wanita agar lebih cepat mencapai orgasme, memberi getaran - getaran apabila ada sentuhan",TRESNA
Jamu Pasutri,JAMU PERKASA,"mencegah ejakulasi dini, menambah daya tahan lama pria, menambah tenaga dan gairah keperkasaan pria, menambah kesehatan dan kebugaran",TRESNA
Jamu Kesehatan,peluntur &pelangsing,"mengurangi lemak dalam tubuh terutama di perut yang gendut, mengencangkan otot - otot yang kendur, memelihara tubuh agar tetap langsing padat dan ideal secara alami",TRESNA
Jamu Kesehatan,BEDAK SARI,pengharum tubuh,TRESNA
Jamu Kesehatan,HABBATUS SAUDA,"menjaga stamina, memperkuat daya konsentrasi, anti bakteri, mengatasi infeksi, menghangatkan dan melegakan saluran pernafasan, meringankan gejala batuk pilek, menurunkan demam, membantu mempercepat penyembuhan penyakit, membantu mengatasi maag, mengeluarkan masuk angin dan kembung",TRESNA
Jamu Kesehatan,SELEDRI MIX,untuk mengatasi asam urat,NATURNA
Jamu Kesehatan,KUNYIT ASEM,"meningkatkan daya tahan tubuh, menjaga stamina, menghilangkan bau badan, melancarkan datang bulan, menghaluskan kulit, mencegah penuaan dini, mencegah diare",NATURNA
Jamu Kesehatan,TEMU LAWAK,"mengatasi maag, mengatasi radang sendi, menghilangkan bau badan, mengatasi diare, mengatasi kolesterol, melancarkan pencernaan, mencegah penuaan dini, anti kanker, menyehatkan liver dan ginjal",NATURNA
Jamu Kesehatan,BERAS KENCUR,"mengatasi batuk pilek, meredakan hidung tersumbat, menambah nafsu makan, mengatasi sakit maag, meningkatkan imun tubuh",NATURNA
Jamu Kesehatan,SIRIH PINANG,"menjaga kesehatan gigi, mencegah sariawan, menghilangkan bau mulut, menghilangkan bau badan, mengatasi keputihan, melancarkan pencernaan, mencegah gusi berdarah",NATURNA
Jamu Kesehatan,POKA',"mengatasi masuk angin, mual, pusing, meredakan nyeri sendi, meningkatkan imun tubuh, mencegah penuaan dini, anti kanker, mencegah kolesterol",NATURNA
Jamu Kesehatan,BUNGA TELANG,"menyehatkan mata, menyehatkan otak, menghaluskan kulit, melancarkan pencernaan, mencegah penuaan dini",NATURNA
Jamu Kesehatan,jahe merah instant,"untuk mengobati masuk angin, pusing,dan mual",NATURNA
Jamu Perawatan Kewanitaan,Empot wangi,membantu mengurangi lendir yang berlebihan pada daerah kewanitaan,PT. Firdaus
Jamu Perawatan Kewanitaan,Galian singset ++,"mengurangi kelebihan lemak (kolesterol) dalam tubuh, mengecilkan perut, menjaga bentuk tubuh yang ideal, menjaga penampilan selalu awet muda, membantu mengurangi lemak di tubuh, melangsingkan badan, membuat tampil seksi dan percaya diri, menormalkan BAB yang tidak lancar",PT. Firdaus
Jamu Perawatan Kewanitaan,asi booster,"melancarkan asi, menyegarkan badan muka tidak pucat, menyehatkan ibu dan bayi yang dilahirkan, menuntaskan sisa darah, meningkatkan kualitas nutrisi dalam asi",PT. Firdaus
Jamu Perawatan Kewanitaan,gadis remaja,"menghilangkan bau badan yang kurang sedap, mencegah timbulnya jerawat, menyembuhkan keputihan, menjaga bentuk tubuh tetap ideal",PT. Firdaus
Jamu Pasutri,empot-empot,"menambah kemesraan dan keharmonisan keluarga, kembali muda bagaikan gadis remaja, membuat suami makin sayang sama istri, kenikmatan dan kepuasan selalu menjelma",PT. Firdaus
Jamu Pasutri,sehat lelaki,"menambah semangat stamina saat berhubungan dan kesehatan, menguatkan dan menghangatkan badan, pegal linu otot kaku dan lesu",PT. Firdaus
Jamu Pasutri,rapet harum asmara,"merapatkan dan melenturkan miss v, mengatasi bau tak sedap, serta gatal - gatal disekitar organ intim, mengatasi cairan berlebih, mengharumkan area vagina, menjaga keharmonisan hubungan suami istri, menyembuhkan keputihan, serta gejalanya",PT. Firdaus
Jamu Perawatan Kewanitaan,feminia,"menjaga miss v tetap keset elastis, menambah libido, menghilangkan bau badan dan miss v yang kurang sedap, menyembuhkan keputihan, menjaga payudara tetap kenyal dan montok, melindungi rahim dari berbagai virus, menormalkan hormon estrogen, menghangatkan badan, mengurangi pegal - pegal / linu",PT. Firdaus
Jamu Perawatan Kewanitaan,awet muda,"memulihkan elastisitas organ intim wanita ( kencangkan otot miss v), menghilangkan gatal - gatal, keputihan dan bau kurang menyenangkan, mencegah penuaan dini, menstabilkan PH asam dan mengurangi cairan ( basah) berlebihan, meningkatkan hormon estrogen, peremajaan tubuh usai melahirkan / haid, mencegah kanker vagina dan kanker payudara",PT. Firdaus
Jamu Pasutri,jakiat,"memperbaiki stamina pria, meningkatkan kebugaran tubuh dalam hubungan pasutri, membantu mengatasi ejakulasi dini, mengentalkan sperma, menambah kejantanan pria",PT. Firdaus
Jamu Kesehatan,sirih wangi,"menghilangkan bau badan dan mulut, menyembuhkan radang tenggorokan dan gusi, mengatasi keputihan, menyembuhkan jerawat, menghaluskan kulit, melancarkan air seni, penambah tenaga/ stamina, mengurangi keringat berlebih, mengatasi penyakit kulit /gatal - gatal",PT. Firdaus
Jamu Perawatan Kewanitaan,Rapet Wangi,membantu mengurangi lendir yang berlebihan pada daerah kewanitaan,PT. Firdaus
Jamu Kesehatan,bersih darah,"melancarkan peredaran darah di dalam tubuh, membersihkan darah kotor yang ada di dalam tubuh, mengatasi gatal - gatal pada kulit, mengatasi / meringankan bisul, mengobati korengan dan beberapa masalah kulit lainnya, menyembuhkan serta mencegah jerawat",PT. Firdaus
Jamu Kesehatan,kencing manis,"mengobati kencing manis, menurunkan kadar gula seperti sering terasa haus, sering kencing terutama di malam hari",PT. Firdaus
Jamu Pasutri,sari rapet,"menambah gairah hubungan suami istri, mengobati keputihan dan gejalanya seperti berair, berlendir, berbau, merapatkan otot - otot vagina",PT. Firdaus
Jamu Perawatan Kewanitaan,delima putih,"mencegah dan mengobati keputihan seperti muka pucat tidak bergairah sakit pinggang mengurangi lendir serta menghilangkan bau (keringat) kurang sedap, merapatkan vagina pemakaian secara teratur maka wajah bercahaya cantik & awet muda",PT. Firdaus
Jamu Pasutri,empot-empot love,"mengencangkan organ intim (rapet), mengencangkan kulit, menambah libido, atasi payudara kendur, membersihkan bakteri dan jamur (keputihan), mengobati kista, mencegah kanker payudara menguatkan pinggang, melancarkan datang bulan",PT. Firdaus
Jamu Perawatan Kewanitaan,manjakani,"menormalkan hormon estrogen, mengencangkan wajah dan kulit, mengencangkan payudara, mengencangkan otot - otot kewanitaan (rapet), mencegah osteoporosis (tulang keropos), menyembuhkan keputihan, menguatkan pinggang, melancarkan datang bulan",PT. Firdaus
Jamu Kesehatan,gemuk sehat,"menambah nafsu makan, menghambat pertumbuhan sel kanker, meningkatkan daya tahan tubuh, menjaga kesehatan liver, memperbaiki jaringan tubuh yang rusak, membantu melawan bakteri dan jamur di tubuh, menyembuhkan penyakit kuning",PT. Firdaus
Jamu Perawatan Kewanitaan,oil mahabbah,"agar payudara tetap kencang dan montok setelah melahirkan, merawat kesehatan payudara, menghaluskan kulit payudara",PT. Firdaus
Jamu Pasutri,bubuk herbal ajaib,"merapatkan dan mengencangkan otot vagina, mengeringkan miss v yang basah, sama - sama memberikan kenikmatan dan kebahagiaan hubungan suami istri",PT. Firdaus
Jamu Pasutri,butiran putri delima,"merapatkan dan mengencangkan otot vagina, keset / kering agar wanita percaya diri, sama - sama memberikan kenikmatan dan kebahagiaan hubungan suami - istri",PT. Firdaus
Jamu Perawatan Kewanitaan,penyubur kandungan,"menguatkan rahim, menambah hormon menyuburkan kandungan",PT. Firdaus
Jamu Pasutri,setanggi zahra,bermanfaat sebagai aromatherapy menenangkan  hati dan menambah keintiman suami istri,PT. Firdaus
Jamu Kesehatan,timung / mandi uap,"melancarkan peredaran darah, mengeluarkan keringat berlebih, membakar lemak, mengharumkan badan, membuat badan segar, harum dan berseri",PT. Firdaus
Jamu Pasutri,hormolak,"menstabilkan hormon laki - laki yang sangat diperlukan untuk produksi sperma, memberikan suplemen  tambahan sehingga produksi sperma dapat lebih maksimal, mempercepat produksi sperma dan memperbanyak jumlah cairan sperma, menghangatkan badan, mengurangi ejakulasi dini",PT. Firdaus
Jamu Pasutri,lintah hitam papua,"melancarkan sirkulasi darah, mengencangkan otot - otot yang kendur, meningkatkan kejantanan pria, mengobati lemah syahwat, ejakulasi dini, memperbesar dan memperpanjang penis.",PT. Firdaus
Jamu Kesehatan,jamu gemuk sehat,"membantu memperbaiki nafsu makan, menambah berat badan, menyelaraskan alat-alat pencernaan tubuh, menghilangkan letih, lesu, lemah dan kurang bersemangat",ribkah maryam jokotole
Jamu Perawatan Kewanitaan,jamu sepet madura *empot-empot),"membantu mengurangi lendir yang berlebihan pada daerah kewanitaan, memperkuat otot - otot vagina untuk membuat denyut - denyut istimewa pada vagina, mengeraskan otot vagina, menghilangkan keputihan dan gatal - gatal",ribkah maryam jokotole
Jamu Perawatan Kewanitaan,PLUNTUR(TERLAMBAT BULAN),"sangat efektif untuk wanita yang sering terlambat bulan, datang bulan tidak teratur, sakit badan pada waktu datang bulan (dianjurkan untuk keterlambat) yang tidak lebih dari tiga bulan",ribkah maryam jokotole
Jamu Kesehatan,Jamu Tradisional Madura,"amandel, tekanan darah tinggi, asma, kencing batu, liver, alergi, lemah jantung, kurang nafsu makan, asam urat, pegal linu, kencing manis, ginjal, rematik, sakit gigi, maag, eksim, kurang darah",wahyu sejati
Jamu Kesehatan,Lulur Bengkoang,"mengangkat sel-sel kulit mati, menghilangkan jerawat, flek hitam juga memutihkan kulit",IBU MASTURAH
Jamu Perawatan Kewanitaan,pintu surga,bermanfaat untuk perawatan kewanitaan dan juga menuntaskan keputihan,IBU MASTURAH
Jamu Perawatan Kewanitaan,jamu manjakani,"merapatkan vagina, bikin keset untuk keputihan dan juga menyehatkan badan",IBU MASTURAH
Jamu Perawatan Kewanitaan,air cewok,"bikin keset, merapatkan, menghilangkan keputihan juga menghilangkan bau daerah v",IBU MASTURAH
Jamu Perawatan Kewanitaan,jamu melahirkan,ibu dan bayi menjadi sehat dan bugar,H. Mifki
Jamu Pasutri,sehat lelaki,"hubungan suami istri lebih intim, untuk kejantanan lelaki",H. Mifki
Jamu Pasutri,sehat wanita,"untuk keputihan, stamina wanita, hubungan suami istri lebih intim",H. Mifki
Jamu Kesehatan,salekarang,"untuk flu, batuk, sakit gigi, pusing",H. Mifki
Jamu Kesehatan,Kopi racikan madura,"Menjaga organ hati, membantu membersihkan saluran pencernaan, membantu membakar lemak, mencegah penyakit jantung, diabetes",IBU MASTURAH
Jamu Kesehatan,dupa kemanten,"mengharumkan tubuh, baju, juga ruangan. Harumnya lengket sepanjang hari",IBU MASTURAH
Jamu Kesehatan,galian singset,"membantu mengurangi lemak, membuat badan menjadi langsing",ribkah maryam jokotole
Jamu Kesehatan,jamu jerawat,"membantu mengatasi jerawat, menjaga kulit tetap halus bercahaya",ribkah maryam jokotole
Jamu Kesehatan,jamu pelangsing(bobot idaman),"menurunkan berat badan sesuai dengan idaman, menahan bobot badan supaya tidak gemuk berlebihan, mengontrol kadar lemak bagian perut",ribkah maryam jokotole
Jamu Kesehatan,jamu pegel linu,"sangat berkhasiat menyembuhkan pegal - pegal linu otot - otot anda, menyembuhkan penyakit rematik / encok dan sakit pinggang",ribkah maryam jokotole
Jamu Perawatan Kewanitaan,jamu nifas (pluntur),"sangat efektif untuk wanita yang sering terlambat bulan, datang bulan tidak teratur, sakit-sakit badan waktu datang bulan",ribkah maryam jokotole
Jamu Pasutri,sehat lelaki (perkasa lelaki),Memperkuat fungsi lelaki serta meningkatkan ketahanan kejantanan,ribkah maryam jokotole
Jamu Perawatan Kewanitaan,sepet madura(empot-empotan,"membuat denyut - denyut istimewa yang khas, memperkuat otot - otot kewanitaan, menghilangkan bau tidak enak gatal - gatal dan keputihan",ribkah maryam jokotole
Jamu Perawatan Kewanitaan,sehat perempuan(montok payudaya),"mengencangkan payudara, memperbesar payudara yang kurang ideal, menyehatkan dan memperindah payudara",ribkah maryam jokotole
Jamu Perawatan Kewanitaan,sari harum(keputihan),"sangat mujarab dan benar - benar ampuh untuk segala macam keputihan yang lama maupun yang baru. Menghilangkan bau yang tidak enak, gatal - gatal ",ribkah maryam jokotole
Jamu Perawatan Kewanitaan,awet ayu,"membuat dan menjaga kulit tubuh perempuan segar halus dan bercahaya, mengencangkan seluruh otot - otot tubuh anda agar tetap singset. Menjaga tubuh tetap sehat dan segar selalu",ribkah maryam jokotole
Jamu Kesehatan,SUPER SEHAT BURUNG WALET,"Insya Allah sangat ampuh untuk mencegah dan menyembuhkan Rematik, Asam urat, Tekanan darah tinggi, Asma, Maag, Ginjal, Tipes, Cacingan, Sakit gigi, Lemah syahwat, Gatal - gatal alergi, Paru-paru basah, Kurang nafsu makan, Melancarkan Sirkulasi darah, Jerawat, Bisul, Kudis, Panu, Merawat Ms V, Mengatasi keputihan, Merawat dan mengencangkan kulit, Mencegah dan mengatasi penyakit menahun, Kelumpuhan / badan mati separuh seperti Stroke, Kanker, Liver, Kencing manis basah / kencing manis kering, Menjaga dan menambah daya tahan tubuh.",PT.QOMAR JAYA NUSANTARA
Jamu Pasutri,SUPER KUAT BURUNG WALET,"Insyaallah sangat ampuh untuk menambah kepuasan Sex, Tahan keluarnya air sperma, menambah kejantanan, mengencangkan otot zakar, menguatkan dan mengobati impoten yang menahun, merangsang dan mempercepat hidupnya dzakar, menambah energi baru setelah berhubungan, mengganti sel-sel tubuh yang aus, mengobati lesu, loyo, sakit pinggang, sakit kepala, dan menambah daya tahan tubuh dan menambah vitalitas pria dan wanita.",PT.QOMAR JAYA NUSANTARA
Jamu Pasutri,KOPI JANTAN ANTI DIABETES,"Insya Allah sangat ampuh untuk mengatasi penyakit diabetes, lemah syahwat, ejakulasi dini, meningkatkan libido, menambah stamina, vitalitas dan meningkatkan daya tahan tubuh pria dan wanita.",PT.QOMAR JAYA NUSANTARA
Jamu Pasutri,MADU Ruqyah,"Insya Allah dapat Meningkatkan gairah sex pria/wanita, kesulitan mendapatkan keturunan, Gangguan Jin/Psikis, dan kena Sihir/Santet",PT.QOMAR JAYA NUSANTARA
Jamu Pasutri,SUSU SUPER SEHAT GOLD,"Mudah lesu/loyo/letih/kurang semangat atau kurang energik, Merawat dan memperkuat otot Mr.P, Menambah stamina pria dan wanita, Merawat dan mengencangkan Ms V, Mengatasi keputihan, Lendir berlebih pada Ms,V, Dan membuat keharmonisan suami istri",PT.QOMAR JAYA NUSANTARA
Jamu Perawatan Kewanitaan,SUBUR KANDUNGAN,dapat menyuburkan kandungan. Baik untuk ibu yang baru keguguran,Karya Ibu Abdullah
Jamu Perawatan Kewanitaan,SABUN CAIR SIRIH,harum dan keset pembersih daerah khusus kewanitaan,UD.MUSTIKA BANI
Jamu Perawatan Kewanitaan,krim rondo ayu,Khasiat dapat mengencangkan payudara yang turun. Disarankan diminum dengan kapsul montok payudara untuk hasil yang maksimal.,Karya Ibu Abdullah
Jamu Kesehatan,harum rempah spray(perfume),"Dapat menghilangkan bau badan. Bisa digunakan untuk ketiak, leher, kaki, dan rambut.",Karya Ibu Abdullah
Jamu Perawatan Kewanitaan,virginity spray,dapat membuat wangi bagian bawah (Vagina),Karya Ibu Abdullah
Jamu Pasutri,empot-empot ayam super,"Menggairahkan kembali hubungan suami istri, Menyerap kelebihan lendir (keputihan), Mencegah dan menghilangkan bau tidak sedap pada bagian kewanitaan dan menghilangkan bau badan, Mengencangkan kembali otot² kewanitaan setelah melahirkan, Mengembalikan kegadisan / keperawanan, Tidak dianjurkan diminum ketika sedang masa haid/masa nifas",Karya Ibu Abdullah
Jamu Pasutri,galian rapet awet muda,"Menggairahkan kembali hubungan suami istri, Menyerap kelebihan lendir (keputihan), Mencegah dan menghilangkan bau tidak sedap pada bagian kewanitaan dan menghilangkan bau badan, Dapat dikonsumsi oleh gadis / remaja, Mengembalikan kegadisan / keperawanan, Tidak dianjurkan diminum ketika sedang masa haid/masa nifas",Karya Ibu Abdullah
Jamu Pasutri,serbuk nikmat surga,"Menambah rasa kenikmatan dalam bersetubuh, Menggairahkan kembali hubungan suami istri, Menyerap kelebihan lendir (keputihan), Menghilangkan bau tidak sedap pada bagian kewanitaan, Tidak dianjurkan diminum ketika sedang masa haid/masa nifas",Karya Ibu Abdullah
Jamu Kesehatan,Bedak madu,"Mengangkat sel² kulit mati, Mencegah timbulnya jerawat, Menghilangkan flek hitam di wajah, Menghilangkan mata panda, menghilangkan biang keringat",Karya Ibu Abdullah
Jamu Kesehatan,Gemuk Sehat,"Menambah nafsu makan, Membersihkan jerawat, Menghaluskan kulit, Menghilangkan bau mulut dan bau badan, Membuat tubuh padat berisi (montok), Menambah semangat kerja",Karya Ibu Abdullah
Jamu Perawatan Kewanitaan,Montok Payudara,"Membuat tubuh montok dan berisi, Melangsingkan dan menyingsetkan tubuh, Mengencangkan payudara, Menghilangkan pegal² dan kecapean, Menambah semangat kerja, Menggantikan sel² kulit mati dengan segera, Kulit menjadi halus dan berseri",Karya Ibu Abdullah
Jamu Kesehatan,Peluntur Lemak,"Melarutkan lemak dalam tubuh, Mengurangi nafsu makan, Menyusutkan lemak perut, Menurunkan kolesterol, Melancarkan BAB",Karya Ibu Abdullah
Jamu Pasutri,empot-empotan,"Mengobati keputihan, Menyehatkan / menyingsetkan badan, Menambah gairah hubungan suami-istri, Mengobati gatal² dan menghilangkan bau badan dan bau mulut, Cocok bulanan, Menguatkan otot² muda kembali",Karya Ibu Abdullah
Jamu Pasutri,Kuat Semangat Helbeh Mutiara,"Mengatasi lemah syahwat, sakit pinggang, rematik, encok dll, Helbeh mutiara ini merangsang otot dan syaraf yang lemah pada seluruh organ tubuh, Menghilangkan jantung berdebar, letih, lesu, dan asam urat, Menghilangkan nyeri tulang dan tambah darah",Karya Ibu Abdullah
Jamu Pasutri,jamu kuat Helbeh Mutiara,"Menghilangkan rasa letih, Menambah tenaga /energi, Mengobati lemah syahwat, Mengobati jantung berdebar, Menghilangkan sakit pinggang, Menghilangkan rematik/encok, Mengurangi asam urat, Menghancurkan batu ginjal",Karya Ibu Abdullah
Jamu Pasutri,jamu kuat pria dewasa semalam di madura,meningkatkan stamina dan daya tubuh pria saat berhubungan intim,PD Sakera Madura
Jamu Kesehatan,jamu helbeh semangat ramuan herbal madura,"menguatkan badan, mencerdaskan otak, mencegah rematik, menambah semangat, menyembuhkan batuk asma, menyembuhkan sakit pinggang",JKU SUPER
Jamu Kesehatan,jamu sariwangi ramuan madura,"untuk membantu menghilangkan bau mulut dan bau badan pada pria dan wanita, produk sari wangi ini merupakan jamu herbal yang bisa membantu menghilangkan bau mulut, bau badan dan keringat serta bau yang keluar dari tubuh manusia, dan juga bau yang keluar dari mulut yang bersumber dari perut dan pencernaan.",jokotole
Jamu Kesehatan,Serimpang,"untuk kesehatan tubuh, membuat badan menjadi fresh kembali",UD. SIMPANG TIGA
Jamu Perawatan Kewanitaan,Lancar darah,"untuk melancarkan keluarnya darah pada waktu dan masa datang bulan, mencegah dan mengurangi sakit perut, sakit pinggang, pusing, dan nyeri yang timbul pada masa datang bulan",Madura Sari
Jamu Perawatan Kewanitaan,jamu tradisional madura kecantikan,"menjaga agar badan tetap sehat, segar, awet muda dan mencegah timbulnya jerawat, melangsingkan tubuh dan mengencangkan tubuh, mengurangi bau badan",Ny. Hj Hayati
Jamu Perawatan Kewanitaan,jamu gendong klasik madura(JKM),"Menjaga kebersihan Miss V, Mencegah keputihan, Menghilangkan bau tak sedap, Menghilangkan gatal - gatal, Mengurangi lendir berlebih, Merapatkan miss V, Empot - Empot, Membuat Miss V lebih keset dan harum, Mengencangkan otot - otot Miss V, Cocok untuk ibu menyusui, Melancarkan HAID, Mendetox kotoran yang ada pada rahim",JKM
Jamu Kesehatan,ramuan tradisional madura,"asma, rematik, tekanan darah tinggi, kencing manis, kencing batu, ginjal, amandel, tumor, migrain, liver alergi maag, maag, lemah jantung, exim, kurang nafsu makan, kurang darah,  asam urat",CV.WAHYU ILLAHI
Jamu Kesehatan,jamu sehat bugar,"Membantu menyembuhkan, Asma, Sebagai obat Rematik, Bisa mengobati Tekanan, Darah Tinggi, Dapat membantu menyembuhkan, Kencing Manis (diabetes), Dapat membantu menyembuhkan Kencing Batu, Bisa Membantu menyembuhkan Penyakit, Ginjal, Membantu menyembuhkan Amandel, Membantu Menyembuhkan,Tumor, Dapat membantu menyembuhkan, Migrain (sakit kepala), Bisa membantu menyembuhkan, Liver atau hepatitis, Dapat membantu menyembuhkan, Alergi, Bisa membantu menyembuhkan, Menyembuhkan Maag, Dapat membantu menyembuhkan, Lemah Jantung, Membantu , Mengobati Eksim (penyakit kulit), Menambah Nafsu makan, Bisa membantu menyembuhkan Kurang darah, Bisa membantu menyembuhkan Lemah, Syahwat, dan Dapat membantu menyembuhkan Asam Urat",CV.WAHYU ILLAHI
Jamu Kesehatan,galian singset (susut perut),untuk mengurangi lemak dalam tubuh,berkah madu/sumber madu
Jamu Pasutri,super empot,"Mengencangkan kembali otot otot kewanitaan, Mengurangi lendir berlebihan pada daerah kewanitaan, Memberikan kepuasan hubungan suami istri, Menjaga kesehatan wanita, Menjaga agar awet muda.",berkah madu/sumber madu
Jamu Perawatan Kewanitaan,super rapet,membantu mengurangi lendir,berkah madu/sumber madu
Jamu Perawatan Kewanitaan,JAMU PEGEL LINU,mengatasi gatal - gatal dan bau yang kurang sedap pada wanita,berkah madu/sumber madu
Jamu Pasutri,galian rapet,rapat mencengkram saat berhubungan intim.hingga melestarikan hubungan suami istri ,berkah madu/sumber madu
Jamu Perawatan Kewanitaan,jamu dalimah putih,dan selalu awet muda bagi perempuan,berkah madu/sumber madu
Jamu Kesehatan,GALIAN SEHAT / MONTOK,"Pil jamu ramuan Madura untuk wanita / pria yang kurang nafsu makan, berbadan kurus, muka pucat, sering sakit, badan lemah dan lain-lain. Minumlah jamu ini secara teratur supaya badan jadi sehat, segar dan montok padat berisi.",berkah madu/sumber madu
Jamu Kesehatan,minyak zaitun,"Mengencangkan dan menghaluskan kulit muka dan seluruh tubuh (kulit bersisik, pecah-pecah dan kasar), dan sebagai pengganti pelembab dan bisa juga untuk minyak urut/pijat baik untuk dewasa dan anak/bayi.",berkah madu/sumber madu
Jamu Pasutri,super pria,"Menyembuhkan lemah syahwat dan impotensi pada laki laki, Menambah gairah bagi pria.",berkah madu/sumber madu
Jamu Perawatan Kewanitaan,empot v,"mampu melancarkan menstruasi, mengencangkan kulit,mengatasi payudara kendur, mengencangkan miss-v, mengobati kista, mencegah kanker payudara, menguatkan pinggang, membersihkan bakteri dan jamur pada miss-v (keputihan)",PT. Firdaus
Jamu Perawatan Kewanitaan,galian montok,"mampu mengencangkan dan membesarkan payudara, menjaga tubuh ideal, mengencangkan dan menghaluskan kulit agar tetap awet muda",PT. Firdaus
Jamu Perawatan Kewanitaan,harum asmara,"Merapatkan & melunturkan miss v, mengatasi bau tidak sedap, serta gatal gatal di organ intim, mengatasi cairan berlebihan, mengharumkan area vagina, menyembuhkan keputihan",PT. Firdaus
Jamu Perawatan Kewanitaan,Jamu sehat wanita,"Menambah stamina, menjaga kesehatan tubuh khusus wanita",PT. Firdaus
Jamu Perawatan Kewanitaan,galian singset,"Mengurangi kelebihan lemak pada bagian perut, paha dan kaki. Mengecilkan Perut dan Menjaga bentuk tubuh Ideal ,Meningkatkan hormon tubuh pada bagian kewanitaan.  Mencerahkan, menyegarkan kulit dan Mengencangkan kulit  Menjaga Penampilan selalu Awet Muda, Menghilangkan aroma badan yang tidak sedap sehingga tubuh jadi harum dan wangi ,Membuat tampil seksi & percaya diri",PT. Firdaus
Jamu Perawatan Kewanitaan,penyubur ,"menguatkan rahim, menambah hormon menyuburkan kandungan",PT. Firdaus
Jamu Perawatan Kewanitaan,bersalin kapsul,"Mempercepat penyembuhan luka melahirkan, Membersihkan rahim, Mengurangi bau tak sedap, Memulihkan stamina & vitalitas,Kulit kendur jadi singset,Organ Kewanitaan kembali RAPET & KESET",PT. Firdaus
Jamu Perawatan Kewanitaan,bersalin bubuk," Menuntaskan darah kotor. ,Menyehatkan ibu dn bayi yang dilahirkan , Melancarkan asi ",PT. Firdaus
Jamu Perawatan Kewanitaan,jamu paket penganten,"mengharumkan bau badan, mengurangi keringat berlebihan, menyembuhkan keputihan, mengencangkan otot kewanitaan.",PT. Firdaus
Jamu Kesehatan,lulur susu,"Membantu memutihkan, menghaluskan serta membersihkan dan mengharumkan kulit tubuh anda secara alami.",PT. Firdaus
Jamu Perawatan Kewanitaan,vitmil,Membantu memelihara kesehatan wanita dan membantu menyegarkan badan,PT. Firdaus
Jamu Perawatan Kewanitaan,Jamu singset,"Membikin singset, Merapatkan, Melangsingkan, Menyehatkan Badan",IBU MASTURAH
Jamu Perawatan Kewanitaan,Parem Bangkes,"Untuk mengembalikan kulit kendur wanita , dan menghangatkan, untuk kecantikan wanita",IBU MASTURAH
Jamu Perawatan Kewanitaan,Jamu Pejja,"memperlancar produksi ASI, mengembalikan organ reproduksi seperti sebelum hamil, menyehatkan ibu dan bayi serta membuat ibu yang baru melahirkan tetap awet muda",IBU MASTURAH
Jamu Perawatan Kewanitaan,Ganita-V (Rukun Wanita),"Membantu mengurangi lendir yang berlebihan pada daerah kewanitaan, untuk para ibu yang sering mengalami kegagalan dalam berhubungan seperti keputihan, kelelahan, stress . Menghilangkan bau yang tidak enak, mengencangkan otot kewanitaan dan menyembuhkan keputihan",ribkah maryam jokotole
Jamu Perawatan Kewanitaan,Lancar Bulan (Nifas/Pluntur),Membantu melancarkan nyeri haid dan meredakan nyeri haid.,ribkah maryam jokotole
Jamu Perawatan Kewanitaan,Sepet Wangi (Sari Wangi),"Membantu mengurangi lendir berlebih di area kewanitaan. Menghilangkan bau badan yang ditimbulkan dari keringat, menghilangkan bau mulut, menyuburkan pertumbuhan kulit.",ribkah maryam jokotole
Jamu Pasutri,GL- Rapet Madura ( Galian Rapet),"Mengatasi bau badan, Membantu mengurangi keputihan, menghilangkan lendir dan bau tidak enak pada area kewanitaan. Merapatkan dan mengecilkan vagina. Menambah gairah sex.",ribkah maryam jokotole
Jamu Perawatan Kewanitaan,Bengkes (Empot - Empot),"Membantu menyegarkan badan, membantu mengurangi lendir berlebih pada area kewanitaan.",ribkah maryam jokotole
Jamu Perawatan Kewanitaan,Wangibungai (Keputihan),membantu mengurangi lendir yang berlebihan pada daerah kewanitaan.,ribkah maryam jokotole
Jamu Kesehatan,Sehat Lelaqi,"Membantu menyehatkan badan dan meredakan pegal linu, nyeri otot pinggang, melancarkan peredaran darah.",ribkah maryam jokotole
Jamu Perawatan Kewanitaan,Timung Penganten,Untuk Menyegarkan dan mengharumkan Tubuh Wanita,berkah madu/sumber madu
Jamu Perawatan Kewanitaan,Sabun Sari Rapet,Menjaga kebersihan Vagina,berkah madu/sumber madu
Jamu Perawatan Kewanitaan,Majasmara,"mengencangkan wajah dan kulit, Mengencangkan payudara, Mengencangkan otot - otot kewanitaan, Melancarkan haid.",berkah madu/sumber madu
Jamu Kesehatan,Minyak Jinten Hitam,"Meningkatkan kekebalan Tubuh terhadap penyakit, mengobati rematik, mengobati asma.",berkah madu/sumber madu
Jamu Kesehatan,Minyak Zaitun,"Meredakan Batuk, Memperkuat stamina dan mencegah kanker, mengobati kencing manis, mencegah gangguan pencernaan, mengobati cacing dalam perut,.",berkah madu/sumber madu
Jamu Perawatan Kewanitaan,Propolis,"Meningkatkan Kekebalan Tubuh, melancarkan peredaran darah, menambah sistem hormon, untuk kesuburan wanita.",berkah madu/sumber madu
Jamu Perawatan Kewanitaan,Lulur Hitam Tradisional,"Mencerahkan kulit wanita, Menghaluskan Kulit, Menghilangkan Flek hitam pada wajah, Menghilangkan Stretch mark",PT. Firdaus
Jamu Perawatan Kewanitaan,Empot Ayam Madura Super,"Membantu memperkuat Otot vagina, membuat denyut nikmat dan istimewa pada vagina , membantu mengeraskan otot vagina, supaya tidak longgar, membantu mengurangi keputihan dan gatal gatal pada alat kelamin wanita",ribkah maryam jokotole
Jamu Pasutri,Tongkat Asli madura Premium Rose,"Mengangkat Lendir dan kotoran yang ada di dalam miss V, menjadikan miss V rapat, kencang dan bersih, mengatasi keputihan , memperkuat otot - otot kewanitaan, Menghilangkan gatal - gatal akibat jamur, memuaskan pasangan",ribkah maryam jokotole
Jamu Kesehatan,Bikin Gemuk,Menambah berat badan,ribkah maryam jokotole
Jamu Perawatan Kewanitaan,Spray Virgin (Madura asmara spray),"Merapatkan dan mengharumkan miss V, sehingga seperti perawan kembali, membantu mengurangi lendir berlebih dan bau tidak sedap.",ribkah maryam jokotole
Jamu Perawatan Kewanitaan,Dupa (Ratus),"Campuran mandi rempah, Bisa digunakan untuk gurah Vagina",Madura Sari
Jamu Pasutri,Sehat lelaki,"Menjaga agar tubuh tidak mudah lelah,  Melancarkan peredaran darah, melancarkan keharmonisan saat berhubungan",Madura Sari
Jamu Perawatan Kewanitaan,Jamu Galian Parem (Parem Tabuk),"Jamu pertama yang diminum setelah melahirkan untuk menuntaskan keluarnya darah nifas, menghilangkan letih, lesu dan pegal pegal setelah melahirkan.",Madura Sari
Jamu Kesehatan,Black Garlic (Bawang Hitam Tunggal),"Menjaga kesehatan jantung, memperbaiki metabolisme tubuh, meningkatkan imunitas tubuh, mengurangi resiko kanker, tinggi antioksidan, menurunkan kadar kolesterol, mengontrol gula, mencegah penuaan, melindungi dari infeksi",Madura Sari
Jamu Pasutri,Jamu Jakula,"Menambah kejantanan dan kekuatan Sex, Mempercepat Ereksi Lemah Syahwat, Mengobati Ejakulasi Dini, Menambah Frekuensi Hubungan Intim & Tahan Lama",PT. Firdaus
Jamu Pasutri,Sehat Laki-Laki (Perkasa),"Menambahkan Stamina dalam berhubungan bagi laki-laki, Menambah Hormon, mengentalkan Sperma, Mencegah Ejakulasi Dini.",Mustika Madura
Jamu Pasutri,Helbeh Mutiara (Jamu Kuat),"Menambah Stamina Pria saat berhubungan, Mengatasi Ejakulasi Dini, menambahkan Gairah Tubuh Saat Berhubungan, Membengkitkan Napsu saat berhubungan.",Karya Ibu Abdullah
Jamu Perawatan Kewanitaan,Jamu tradisional madura sehat,"Jamu pertama yang diminum setelah melahirkan untuk menuntaskan keluarnya darah nifas, menghilangkan letih, lesu dan pegal pegal setelah melahirkan.",UD. Lancar Jaya Madura
Jamu Kesehatan,Ramuan Ummi Jafir,"Menyegarkan badan, melancarkan pencernaan, menguatkan imun, dan menghangatkan badan",PT. Firdaus
Jamu Kesehatan,Jamu Sakera,"Menurunkan gula darah, kolesterol, dan trigliserida, mengendalikan hipertensi, meningkatkan kesehatan jantung, meningkatkan kesehatan ginjal, menurunkan asam urat, mencegah kanker, meningkatkan imun, ",CV. Sehat Berkah Semesta
Jamu Pasutri,Lanange Jagad,"Memperbaiki ejakulasi dini, memberi kekuatan lebih, tahan lama berhari-hari",Kedai Rimpang
Jamu Perawatan Kewanitaan,Kuncup wangi,"Anti keputihan dan lendir, anti bau tidak sedap di badan dan miss v, merapatkan otot miss v, antiseptik dan anti bakteri, menghilangkan gatal miss v",Kedai Rimpang
Jamu Pasutri,Sakera Ramuan Pria Dasyat,"Meningkatkan gairah sex, memperbaiki ejakulasi dini, memberi kekuatan lebih, tahan lama berhari-hari",Kedai Rimpang
Jamu Kesehatan,Jamu Wiraraja,"Meningkatkan kesegaran badan, memulihkan stamina, dan melancarkan peredaran darah",Kedai Rimpang
Jamu Perawatan Kewanitaan,Manjavikan,"Mengatasi keputihan, melancarkan haid, mengatasi nyeri haid, melancarkan asi, membantu promil, merapatkan miss v",PT. Mahkota Sukses Indonesia
Jamu Perawatan Kewanitaan,Rukun Wanita (Sorga),"Baik untuk ibu yang sering mengalami kegelapan dalam berhubungan suami istri, Menghilangkan bau yang tidak sedap pada miss V, Mengencangkan Otot kewanitaan",ribkah maryam jokotole
Jamu Pasutri,Madu Asmara Spray (Kecil),"Menghilangkan keputihan, Merapatkan miss v seketika, miss v jadi harum menggoda untuk pasangan pasutri",Madura Sari
Jamu Pasutri,Bubuk Madu Asmara,"Untuk Pasangan suami istri, membuat miss v keset rapet, membuat suami tahan lama",berkah madu/sumber madu
Jamu Pasutri,Jantala (Tahan Lama),"Membuat tahan lama dalam berhubungan suami istri, dan meningkatkan stamina suami",berkah madu/sumber madu
Jamu Pasutri,Harumita,"Mengencangkan kembali otot otot kewanitaan, Mengurangi lendir berlebihan pada daerah kewanitaan, Memberikan kepuasan hubungan suami istri, Menjaga kesehatan wanita, Menjaga agar awet muda.",berkah madu/sumber madu
Jamu Pasutri,sari rapet,"menambah kenikmatan dalam Hubungan suami istri, memberikan kebahagiaan suami istri, Menghilangkan rasa gatal dan bau pada Miss V",berkah madu/sumber madu
Jamu Pasutri,Bubuk Asmara,Membuat tahan lama saat bercinta untuk suami istri,berkah madu/sumber madu
Jamu Pasutri,Jamu Ratu Madura,"Membuat vagina rapet seperti perawan, menghilangkan becek berlebihan, menambah gairah seksual, menjepit saat berhubungan",Jamu neng shelfi
Jamu Kesehatan,Jamu Wasir,"Mengobati sakit wasir atau ambeien ( ambeien ) dan akibatnya, hingga sembuh total",ribkah maryam jokotole
Jamu Pasutri,Jamu Super Pengental Sperma,"Menambahkan dan meningkatkan kualitas sperma dalam berhubungan suami istri, menjadikan ereksi lebih kuat, sperma lebih deras saat keluar",JKU SUPER
Jamu Kesehatan,Jamu Super Rasa Kopi,"Asma, Asam Urat, Maag, Amandel, Kencing manis, Eksim ,Darah Tinggi.",CV. Wahyu Ilahi
Jamu Pasutri,Jamu Khusus Penganten,"mengharumkan dan menyegarkan badan serta menghilangkan kelesuan dan memberikan kekuatan baru, membuat muka tidak pucat dan menambah gairah pengantin baru. ",Sumber Madu
Jamu Kesehatan,Jamu Asam Urat,"untuk menyembuhkan nyeri pada persendian, bengkak merah dan rasa panas yang disebabkan kelebihan asam urat,  badan terasa letih, lesu , lemah.",CV. Dua Saudara
Jamu Pasutri,Sehat Pria /Perkasa (Tambah Syahwat),Menyembuhkan lemah syahwat dan impotensi pada laki laki. - Menambah gairah bagi pria saat berhubungan suami istri.,berkah madu/sumber madu
Jamu Pasutri,Godokan Rapet Wangi," memberi kepuasan hubungan suami istri, mengesatkan peranakan, bisa untuk perawatan jamu pengantin",Madura Sari
Jamu Pasutri,Jamu Kuat Apatheng,"Meningkatkan gairah sex, menambah daya tahan pria, memperlancar peredaran darah terutama area pria sehingga lebih sehat dan kuat, mencegah penyakit kelamin, mengatasi sakit pinggang, pegal linu ",UD. Lancar Jaya Madura
Jamu Pasutri,Jamu Gingseng  Lanange,"Untuk Pasangan Suami istri, Memperbaiki ejakulasi dini, Memberi kekuatan lebih, Tahan Lama berhari hari",Kedai Rimpang
Jamu Pasutri,Kapsul MM,"Membangkitkan Gairah libido laki-laki, Mengobati impotensi, Mengencangkan Ereksi, Tahan Lama mampu berulang - ulang",Jamu neng shelfi
Jamu Pasutri,Kapsul Herbal ,"pria perkasa lebih kuat dan Lebih tahan lama , Aman tanpa efek samping , Siap tempur sampai subuh",berkah madu/sumber madu
Jamu Pasutri,Jamu melak medem,"Menyembuhkan keputihan , merapatkan miss v ,  membuat nikmat hubungan suami istri , mengencangkan bagian intim saat berhubungan",Jamu neng shelfi
Jamu Pasutri, Serbuk kuat & Tahan Lama suramadu,"Menambah Stamina & Daya Tahan Sex, Mencegah Ejakulasi Dini.",PJ. Perkasa Jaya
